UDI,Product ID,Type,Air temperature [K],Process temperature [K],Rotational speed [rpm],Torque [Nm],Tool wear [min],Machine failure,TWF,HDF,PWF,OSF,RNF
1,H29424,L,303.9,313.2,1586,51.6,13,0,0,0,0,0,0
2,L47186,M,304.9,307.1,1693,25.6,9,0,0,0,0,0,0
3,M14860,H,295.6,308.8,1689,41.8,11,0,0,0,0,0,0
4,H29424,H,303.8,314.7,1272,24.2,37,0,0,0,0,0,0
5,H29424,H,300.2,308.4,1708,21.8,33,0,0,0,0,0,0
6,L47186,H,304.1,308.0,1589,46.3,40,0,0,0,0,0,0
7,M14860,H,300.7,314.2,1494,41.4,9,0,0,0,0,0,0
8,M14860,H,301.6,306.1,1568,23.3,16,0,0,0,0,0,0
9,H29424,H,300.4,312.6,1748,21.4,16,0,0,0,0,0,0
10,L47181,L,303.6,314.9,1767,59.6,66,0,0,0,0,0,0
11,H29424,M,302.3,314.0,1386,21.2,61,1,0,0,0,0,0
12,H29424,H,300.2,311.5,1644,37.8,94,0,0,0,0,0,0
13,H29424,L,303.7,308.1,1769,40.2,0,0,0,0,0,0,0
14,H29424,L,297.5,307.5,1562,24.7,11,0,0,1,0,0,0
15,L47186,M,296.6,313.2,1322,26.8,3,0,0,0,0,0,0
16,M14860,H,296.6,313.8,1387,34.1,41,1,0,0,0,0,0
17,L47186,M,298.3,310.3,1619,50.5,12,0,0,0,0,0,0
18,L47186,H,297.4,307.4,1451,40.3,97,0,0,0,0,0,0
19,L47186,L,304.3,306.1,1748,45.5,84,0,0,0,0,0,0
20,H29424,L,296.1,305.9,1534,59.4,85,0,0,0,0,0,0
21,L47181,L,302.0,312.2,1291,50.7,3,0,0,0,1,0,0
22,M14860,L,296.9,309.2,1729,37.4,81,0,0,0,1,0,0
23,L47181,M,303.8,314.1,1262,37.9,68,0,0,0,0,0,0
24,L47186,H,304.6,312.4,1711,44.8,18,0,0,0,0,0,0
25,L47186,H,299.7,306.9,1338,46.6,1,0,0,0,0,0,0
26,L47181,M,303.8,311.1,1384,40.0,11,1,0,0,0,0,0
27,L47181,H,295.1,309.4,1404,45.8,80,0,0,0,0,0,0
28,L47181,L,303.2,310.8,1413,20.9,73,0,0,0,0,0,0
29,L47186,H,297.3,312.4,1455,37.2,97,0,0,0,0,0,0
30,L47186,L,304.1,313.1,1334,31.2,5,0,0,0,0,0,1
31,M14860,M,295.0,313.4,1772,25.2,7,0,0,0,0,0,0
32,M14860,H,300.6,307.5,1287,24.0,50,0,0,0,0,0,0
33,L47186,M,302.6,305.3,1406,44.1,10,0,0,0,0,0,0
34,L47181,H,297.6,312.4,1328,40.9,62,0,0,0,0,0,0
35,L47181,L,296.9,306.1,1202,30.1,56,0,0,0,0,0,0
36,M14860,M,295.8,308.1,1320,38.8,11,0,0,0,0,0,0
37,L47186,H,298.3,305.0,1584,39.7,72,0,0,0,0,0,0
38,M14860,L,300.6,311.8,1237,27.8,1,0,0,0,0,0,0
39,M14860,M,296.2,306.7,1540,46.1,7,0,0,0,0,0,0
40,H29424,M,298.8,311.6,1220,51.2,10,1,0,0,0,0,0
41,H29424,H,295.1,314.9,1441,51.7,52,0,0,0,0,0,0
42,H29424,H,303.2,305.7,1654,44.1,99,0,0,0,0,0,0
43,L47181,H,296.3,305.8,1502,40.5,9,0,0,0,0,0,0
44,L47186,L,297.8,308.4,1795,22.4,84,0,0,0,0,0,0
45,L47186,H,295.2,313.7,1794,31.5,83,0,0,0,0,0,0
46,L47186,M,299.3,307.2,1268,23.7,7,0,0,0,0,0,0
47,L47186,M,303.4,308.6,1328,58.6,35,0,0,0,0,0,0
48,H29424,H,298.9,305.7,1395,25.4,92,0,0,0,0,0,0
49,L47181,H,296.8,312.6,1339,26.1,75,0,0,0,0,0,0
50,L47181,M,302.5,309.1,1643,55.6,13,0,0,0,0,0,0
51,H29424,L,302.9,312.6,1482,57.8,53,0,0,0,0,0,0
52,L47181,H,296.7,314.0,1511,50.6,84,0,0,0,0,0,0
53,H29424,H,302.7,307.3,1734,20.2,85,0,0,0,0,0,0
54,L47186,M,304.5,313.1,1476,20.1,20,0,0,0,0,0,0
55,H29424,H,296.7,305.6,1260,35.1,49,0,0,0,0,0,0
56,L47186,L,302.7,314.0,1518,25.7,93,0,0,0,0,0,0
57,L47186,M,302.1,311.5,1251,20.7,38,0,0,0,0,0,0
58,M14860,H,299.7,313.7,1352,38.6,19,0,0,0,0,0,0
59,H29424,M,295.6,305.0,1510,57.7,87,0,0,0,0,0,0
60,M14860,H,295.7,306.7,1743,33.0,86,0,0,0,0,0,0
61,H29424,H,303.5,308.9,1766,46.4,6,0,0,0,0,0,0
62,H29424,H,304.9,308.8,1588,46.1,8,0,0,0,0,0,0
63,M14860,L,301.8,307.3,1747,30.0,0,0,0,0,0,0,1
64,M14860,L,299.5,308.8,1376,46.0,25,0,0,0,0,0,0
65,H29424,M,301.5,306.3,1561,28.5,37,0,0,0,0,0,0
66,L47181,H,300.9,309.1,1513,24.9,37,0,0,0,0,0,0
67,L47186,H,298.8,313.0,1296,48.1,60,0,0,0,0,0,0
68,M14860,L,295.7,309.8,1412,24.5,43,0,0,0,0,0,0
69,L47186,H,303.2,305.2,1336,59.9,85,0,0,0,0,0,1
70,L47181,L,298.7,309.2,1205,27.3,43,0,0,0,0,0,0
71,L47181,H,303.2,305.3,1308,43.8,73,0,0,0,0,0,0
72,L47181,M,297.5,314.7,1746,36.5,61,0,0,0,0,0,0
73,M14860,H,295.0,306.3,1238,25.1,5,0,0,0,0,0,0
74,L47181,H,296.6,312.1,1624,21.1,16,0,0,0,0,0,0
75,M14860,L,299.7,314.7,1460,44.9,50,0,0,0,0,0,0
76,L47181,H,304.4,313.3,1625,52.3,37,0,0,0,0,0,0
77,L47186,H,296.0,312.0,1286,53.7,23,0,0,0,0,0,0
78,L47186,L,303.5,313.4,1664,39.3,50,0,0,0,0,0,0
79,H29424,M,300.3,314.8,1275,51.1,9,0,0,0,0,0,0
80,L47186,M,303.3,311.2,1670,46.9,71,0,0,0,0,0,0
81,H29424,L,298.0,310.6,1613,49.0,20,0,0,0,0,0,0
82,L47186,L,303.4,311.3,1656,39.7,69,0,0,0,0,0,0
83,M14860,L,302.7,310.3,1484,45.3,84,0,0,0,0,0,0
84,L47186,L,297.3,311.4,1438,52.2,56,0,0,1,0,0,0
85,H29424,L,296.3,309.5,1798,35.9,38,0,0,0,0,0,0
86,H29424,M,303.7,307.2,1757,52.2,87,0,0,0,0,0,0
87,L47181,M,304.6,306.2,1571,43.7,32,0,0,0,0,0,0
88,M14860,L,295.3,305.7,1694,26.6,58,0,0,0,0,0,0
89,L47186,H,302.3,307.6,1244,21.0,17,0,1,0,0,0,0
90,L47181,L,304.1,305.5,1600,34.5,55,0,0,0,0,0,0
91,L47186,H,303.6,310.7,1446,41.9,91,0,0,0,0,0,0
92,L47186,L,304.6,307.8,1796,53.6,56,0,0,0,0,0,0
93,L47181,L,302.6,313.2,1649,25.1,95,0,0,0,0,0,0
94,L47181,M,299.4,305.7,1684,52.0,75,0,0,0,0,0,0
95,L47181,H,298.1,307.3,1217,54.5,47,0,0,0,0,1,0
96,L47181,H,298.2,312.3,1488,26.0,41,0,0,0,0,0,0
97,L47181,M,302.2,311.0,1613,54.1,26,0,0,0,0,0,0
98,L47186,M,302.5,305.6,1434,59.7,73,0,0,0,0,0,0
99,L47181,M,297.0,313.8,1615,49.1,51,0,0,0,0,0,0
100,M14860,M,303.7,313.8,1698,51.4,41,0,0,0,0,0,0
101,H29424,H,302.1,308.3,1314,59.8,31,0,0,0,0,0,0
102,L47181,H,300.6,308.4,1433,44.2,25,0,0,0,0,0,0
103,L47181,L,299.7,314.9,1739,32.3,24,0,0,0,0,0,0
104,L47186,L,300.4,311.3,1210,53.5,74,1,0,0,0,0,0
105,L47181,M,296.6,310.3,1405,44.6,22,0,0,1,0,0,0
106,L47181,M,297.0,313.4,1446,43.2,97,0,0,0,0,0,0
107,L47181,M,295.9,307.9,1758,30.1,56,0,0,0,0,0,0
108,L47186,L,296.5,309.3,1326,50.3,51,0,0,0,0,0,0
109,L47181,L,299.5,307.7,1346,23.3,86,0,0,0,0,0,0
110,H29424,L,300.3,312.9,1317,57.0,92,0,0,0,0,0,1
111,L47186,L,295.2,310.7,1581,33.0,30,0,0,0,0,0,0
112,H29424,L,303.0,311.6,1611,25.1,63,0,0,0,0,0,0
113,L47186,L,297.9,307.5,1783,37.7,70,0,0,0,0,0,0
114,L47181,L,304.1,307.2,1562,21.7,32,0,0,0,0,0,0
115,H29424,M,304.7,309.9,1708,47.4,84,0,0,0,0,0,0
116,L47186,M,296.9,312.4,1336,56.1,1,0,0,0,0,0,0
117,M14860,M,299.6,310.3,1374,53.5,17,0,0,0,0,0,0
118,L47181,M,295.0,305.3,1488,25.1,46,0,0,0,0,0,0
119,L47186,L,301.0,313.7,1680,25.1,32,0,0,0,0,0,0
120,M14860,H,301.1,305.6,1218,52.5,97,0,0,0,0,0,0
121,L47186,L,297.5,314.6,1394,57.0,83,1,0,0,0,0,0
122,M14860,H,300.6,305.3,1529,38.4,34,0,0,0,0,0,0
123,L47181,M,297.3,311.9,1374,40.0,50,0,0,0,0,0,0
124,H29424,L,296.6,305.8,1648,32.7,17,0,0,0,0,0,0
125,M14860,M,301.5,314.1,1553,55.8,87,0,0,0,0,0,0
126,L47186,L,298.3,309.6,1698,45.8,71,0,0,0,0,0,0
127,L47181,M,300.9,306.4,1340,31.5,29,0,0,0,0,0,0
128,M14860,H,299.3,308.4,1292,32.0,43,0,0,0,0,0,0
129,L47186,H,304.8,306.6,1438,55.6,52,0,0,0,0,0,0
130,L47186,H,296.5,306.7,1404,20.5,9,0,0,0,0,0,0
131,L47186,L,299.6,314.5,1759,32.9,86,0,0,0,0,0,0
132,M14860,H,301.8,309.5,1632,42.2,51,0,0,0,0,0,0
133,M14860,L,299.0,312.9,1444,25.9,48,0,0,0,0,0,0
134,M14860,H,304.7,311.4,1516,23.7,10,0,0,0,0,0,0
135,H29424,H,302.2,311.8,1494,52.6,65,0,0,0,0,0,0
136,M14860,L,301.6,306.3,1481,55.8,57,0,0,0,0,0,0
137,M14860,L,302.6,307.3,1216,52.9,89,1,1,0,0,0,0
138,M14860,H,304.5,312.9,1270,56.0,35,0,0,0,0,0,0
139,H29424,L,304.1,314.7,1468,42.1,32,0,0,0,0,0,0
140,M14860,H,302.2,307.6,1524,52.5,46,0,0,0,0,0,0
141,L47186,L,302.5,307.7,1504,35.4,12,0,0,0,0,0,0
142,M14860,M,296.5,309.7,1650,46.7,39,0,0,0,0,0,0
143,L47186,M,296.0,314.8,1206,59.6,88,0,0,0,0,0,0
144,L47186,M,300.7,307.7,1513,29.0,67,0,0,0,0,0,0
145,L47186,M,295.2,309.1,1302,35.6,41,0,0,0,0,0,0
146,H29424,M,299.8,313.9,1392,39.2,18,0,0,1,0,0,0
147,H29424,H,297.1,305.0,1773,25.5,81,0,0,0,0,0,0
148,H29424,M,298.5,305.4,1728,23.2,93,0,0,0,0,0,0
149,M14860,M,302.8,311.0,1370,53.2,18,0,0,0,0,0,0
150,L47186,M,304.4,314.1,1736,59.1,57,0,0,0,0,0,0
151,H29424,M,295.7,307.4,1450,36.2,22,0,0,0,0,0,0
152,H29424,L,300.3,309.7,1586,23.5,53,0,0,0,0,0,0
153,M14860,H,303.8,309.5,1406,22.6,79,0,0,0,0,0,0
154,H29424,M,295.8,309.7,1740,55.7,64,0,0,0,0,0,0
155,M14860,M,303.2,311.2,1615,38.6,11,0,0,0,0,0,0
156,L47181,M,298.6,309.7,1579,32.8,23,0,0,0,0,0,0
157,H29424,H,298.2,309.5,1343,39.1,33,0,0,0,0,0,0
158,L47181,L,304.8,309.7,1224,32.7,52,0,0,0,0,0,0
159,M14860,H,297.0,310.9,1272,39.6,7,0,0,0,0,0,0
160,L47186,L,301.9,310.4,1292,54.4,17,0,0,0,0,0,0
161,H29424,M,303.2,313.5,1704,43.7,56,0,0,0,0,0,0
162,M14860,M,295.4,305.5,1797,47.8,4,0,0,0,0,0,0
163,L47186,H,301.7,313.3,1535,34.6,25,0,0,0,0,0,0
164,L47186,H,304.5,313.4,1624,49.5,29,1,0,0,0,1,0
165,L47181,L,296.2,307.8,1698,46.7,53,0,0,0,0,0,0
166,M14860,L,304.0,309.6,1563,24.8,12,0,0,0,0,0,0
167,L47186,H,300.9,309.4,1398,42.9,82,0,0,0,0,0,0
168,H29424,L,301.2,307.2,1612,30.3,28,0,0,0,0,0,0
169,H29424,H,301.1,309.0,1538,52.2,2,0,0,0,0,0,0
170,L47181,L,298.0,305.4,1628,37.0,89,0,0,0,0,0,0
171,L47186,H,304.4,307.8,1338,59.8,57,0,0,0,0,0,0
172,M14860,H,304.5,313.2,1741,23.7,75,0,0,0,0,0,0
173,H29424,H,301.3,307.8,1256,51.2,1,0,0,0,0,0,0
174,L47186,L,302.8,313.2,1431,46.9,74,0,0,0,0,0,0
175,L47186,L,301.1,310.3,1634,50.7,27,0,0,0,0,0,0
176,L47181,L,299.8,313.8,1583,32.3,81,0,0,0,0,0,0
177,H29424,H,301.6,310.7,1759,39.7,76,0,0,0,0,0,0
178,H29424,L,300.5,305.3,1393,51.9,85,0,0,0,0,0,0
179,M14860,L,301.0,311.8,1733,29.3,75,0,0,0,0,0,0
180,H29424,H,302.8,305.4,1717,29.0,1,0,0,0,0,1,0
181,M14860,M,299.8,309.5,1384,42.0,6,0,0,0,0,0,0
182,H29424,H,295.4,314.3,1491,40.9,25,0,0,0,0,0,0
183,L47181,L,296.6,306.7,1534,31.3,89,0,0,0,0,0,0
184,H29424,H,299.4,308.9,1315,31.9,87,0,0,0,0,0,0
185,M14860,M,302.2,312.3,1248,31.1,75,0,0,0,0,0,0
186,M14860,H,300.9,313.8,1281,50.9,15,0,0,0,0,0,0
187,L47181,L,301.5,311.7,1532,46.1,22,0,0,0,0,0,0
188,H29424,M,299.8,307.6,1756,53.3,39,0,0,0,1,0,0
189,H29424,L,301.2,311.7,1534,59.0,59,0,0,0,0,0,0
190,L47181,M,298.3,308.0,1731,39.0,72,0,0,0,0,0,0
191,H29424,M,299.7,312.2,1420,22.7,31,1,0,0,0,0,0
192,H29424,H,302.4,314.5,1522,21.9,14,0,0,0,0,0,0
193,M14860,H,303.7,312.2,1202,31.8,12,0,0,0,0,0,0
194,H29424,L,299.3,313.6,1405,57.3,4,0,0,0,0,0,0
195,H29424,H,295.4,305.0,1239,40.9,74,0,0,0,0,0,0
196,L47181,H,296.6,312.2,1258,30.9,73,0,0,0,1,0,0
197,L47181,M,295.2,313.3,1773,36.0,51,0,0,0,0,0,0
198,L47186,H,301.5,305.4,1706,43.9,76,0,1,0,0,0,0
199,M14860,M,298.3,313.7,1771,46.1,40,0,0,0,0,0,0
200,H29424,M,300.4,307.6,1321,26.2,52,0,0,0,0,0,0
201,H29424,M,299.9,311.7,1678,59.1,49,0,0,0,0,0,0
202,L47186,L,295.8,313.0,1295,41.8,14,0,0,0,0,0,0
203,H29424,L,299.0,311.6,1613,25.4,6,0,0,0,0,0,0
204,M14860,L,297.2,305.9,1434,55.7,39,0,0,0,0,0,0
205,L47186,M,299.2,311.0,1261,23.0,27,0,0,0,0,0,0
206,M14860,L,297.0,310.5,1455,56.3,31,0,0,0,0,0,0
207,L47186,L,303.4,314.0,1760,59.9,98,0,0,0,0,0,0
208,L47186,H,296.7,309.0,1547,48.0,14,1,0,1,0,0,0
209,L47181,L,304.6,308.2,1323,50.8,99,0,0,0,0,0,0
210,M14860,L,299.2,312.5,1681,33.5,84,0,0,0,0,0,0
211,H29424,M,303.5,309.1,1516,57.7,69,0,0,0,0,0,0
212,H29424,M,301.3,311.5,1703,41.2,64,0,0,0,0,0,1
213,M14860,M,302.4,311.5,1247,49.3,3,0,0,0,0,0,1
214,H29424,M,302.7,313.9,1608,57.0,10,0,0,0,0,0,0
215,H29424,M,300.0,311.0,1335,59.0,25,0,0,0,0,0,0
216,M14860,M,300.4,310.0,1400,53.3,60,0,0,0,0,0,0
217,L47186,L,300.1,306.4,1449,32.1,36,0,0,0,0,0,0
218,M14860,M,300.9,306.2,1513,58.7,22,0,0,0,0,0,0
219,L47186,M,295.3,306.5,1567,45.1,92,0,0,0,0,0,0
220,H29424,H,299.0,306.7,1628,57.2,84,0,0,0,0,0,0
221,H29424,L,301.1,311.4,1679,47.0,90,0,0,0,0,0,0
222,H29424,L,301.0,312.4,1513,32.3,39,0,0,0,0,0,0
223,L47181,L,302.9,310.3,1699,34.8,76,0,0,0,0,0,0
224,L47186,M,301.6,313.3,1554,42.0,22,0,0,0,0,0,0
225,L47181,M,304.9,314.9,1684,51.6,15,0,0,0,0,0,0
226,L47181,M,297.8,313.2,1410,32.7,93,0,0,0,0,0,0
227,M14860,H,298.6,311.9,1243,43.2,60,0,0,0,0,0,0
228,L47181,M,298.8,310.3,1740,33.8,67,0,0,0,0,0,0
229,M14860,H,299.7,309.5,1770,52.6,79,0,0,0,0,0,0
230,M14860,L,303.4,305.8,1782,38.7,30,0,0,0,0,0,0
231,L47181,M,297.4,309.0,1291,23.1,52,0,0,0,0,0,0
232,L47186,H,302.8,314.1,1464,26.6,24,0,0,0,0,1,0
233,L47186,H,299.1,313.1,1419,22.4,43,0,0,0,0,0,0
234,L47186,M,301.0,307.2,1641,40.0,11,0,0,0,0,0,0
235,L47186,L,301.3,309.7,1600,24.3,89,0,0,0,0,0,0
236,L47186,L,298.7,313.2,1599,24.6,96,0,0,0,0,0,0
237,L47181,L,300.1,305.7,1775,57.6,91,0,0,1,0,0,0
238,L47181,H,299.1,308.9,1689,54.9,8,0,0,0,0,0,0
239,H29424,H,295.7,313.5,1684,38.1,11,0,0,0,0,0,0
240,L47186,H,299.4,309.0,1669,59.4,68,0,0,0,0,0,0
241,L47181,H,296.0,305.8,1773,20.0,53,0,0,0,0,0,0
242,H29424,L,299.1,310.4,1644,44.6,53,0,0,0,0,0,0
243,L47186,M,300.9,313.6,1468,44.7,27,0,0,0,0,0,0
244,M14860,H,300.8,310.9,1466,38.3,55,0,0,0,0,0,0
245,H29424,H,301.6,307.3,1253,35.9,98,0,0,0,0,0,0
246,L47181,L,296.0,308.8,1727,38.2,68,0,0,0,0,0,0
247,M14860,M,301.5,309.5,1719,36.6,97,0,0,0,0,0,0
248,M14860,M,298.1,310.8,1258,49.2,97,0,0,0,0,0,0
249,M14860,L,299.0,312.6,1239,25.4,76,0,0,0,0,0,0
250,H29424,L,303.6,306.0,1436,27.9,57,0,0,0,0,0,0
251,L47181,M,295.1,313.9,1585,27.2,77,0,0,0,0,0,0
252,M14860,H,300.9,305.1,1499,30.5,74,0,0,0,0,0,0
253,L47186,M,301.0,308.7,1594,41.0,41,0,0,0,0,0,0
254,M14860,L,299.0,305.3,1406,24.4,37,0,0,0,0,0,0
255,M14860,H,297.4,308.9,1535,54.7,67,0,0,0,0,0,0
256,H29424,H,297.3,310.3,1792,31.9,52,0,0,0,0,0,0
257,H29424,L,303.8,310.1,1713,26.5,32,0,0,0,0,0,0
258,L47181,L,299.4,306.7,1377,47.0,70,0,0,0,0,0,0
259,L47186,L,298.3,311.5,1595,21.5,55,0,0,0,0,0,0
260,H29424,M,299.5,305.4,1570,44.8,71,0,0,0,0,0,0
261,M14860,M,301.7,312.6,1517,47.9,50,0,0,0,0,0,0
262,L47181,H,296.5,314.5,1568,28.6,73,0,0,0,0,0,0
263,M14860,L,299.5,308.4,1583,21.7,42,1,0,0,0,0,0
264,M14860,H,300.9,310.2,1261,34.5,14,1,0,0,0,0,0
265,H29424,H,304.5,308.8,1704,23.9,37,0,0,0,0,0,0
266,L47181,H,297.5,305.1,1438,24.7,14,0,0,0,0,0,0
267,L47186,H,298.6,308.9,1394,30.2,4,1,0,0,0,0,0
268,L47186,L,298.8,312.9,1421,31.8,92,0,0,0,0,0,0
269,H29424,H,301.1,311.0,1260,41.2,82,0,0,0,0,0,0
270,H29424,L,298.6,306.0,1328,47.1,53,0,0,0,0,0,0
271,L47181,L,300.3,313.5,1355,43.7,50,0,0,0,0,0,0
272,L47186,M,302.8,310.3,1577,25.9,9,0,0,0,0,1,0
273,L47186,L,302.1,313.4,1785,26.9,11,0,0,0,0,0,0
274,L47186,M,299.5,310.8,1636,55.2,3,0,0,0,0,0,0
275,M14860,L,303.6,310.6,1406,42.3,94,0,0,0,0,0,0
276,L47186,L,300.6,306.1,1587,54.8,17,1,0,0,0,0,0
277,M14860,L,300.4,306.7,1679,34.9,79,0,0,0,0,0,0
278,L47181,M,295.3,314.7,1539,44.6,35,0,0,1,0,0,0
279,M14860,M,304.9,307.3,1539,40.9,24,0,0,0,0,0,0
280,L47181,H,296.2,314.8,1403,32.8,86,0,0,0,0,0,0
281,L47186,M,297.3,310.3,1360,38.8,75,0,0,0,0,0,0
282,L47186,M,295.5,306.4,1739,40.1,97,0,0,0,0,0,0
283,L47181,M,301.4,306.0,1591,28.0,35,0,0,0,0,0,0
284,H29424,M,297.2,307.1,1774,32.6,66,0,0,0,0,0,0
285,L47181,H,296.8,314.3,1733,51.7,8,0,0,0,0,0,0
286,H29424,M,295.9,309.1,1269,56.6,60,0,0,0,0,0,0
287,M14860,L,296.0,309.0,1604,34.4,52,0,0,1,0,0,0
288,M14860,L,300.8,308.1,1790,32.3,17,1,0,0,1,0,0
289,M14860,M,301.9,306.5,1716,27.8,42,0,0,0,0,0,1
290,L47186,M,299.0,309.9,1319,47.1,34,0,0,0,0,0,0
291,M14860,L,299.8,306.3,1416,32.9,62,1,0,0,0,0,0
292,H29424,L,301.9,313.4,1255,59.5,97,0,0,0,0,0,0
293,M14860,H,295.2,308.7,1565,33.0,77,0,0,0,0,0,0
294,L47181,L,298.2,308.7,1703,35.8,3,0,0,0,0,0,0
295,L47181,L,304.7,309.7,1654,44.1,92,0,0,0,0,0,0
296,L47186,M,300.8,309.4,1303,52.1,40,0,0,0,0,0,0
297,L47181,L,297.5,314.9,1276,38.8,44,0,0,0,0,0,0
298,H29424,H,300.2,310.5,1429,36.9,49,0,0,1,0,0,0
299,M14860,L,298.4,305.9,1457,59.8,78,0,0,0,0,0,0
300,L47186,M,300.3,311.1,1463,20.4,27,0,0,0,0,0,0
301,M14860,M,296.3,306.5,1530,55.8,41,0,0,0,0,0,0
302,M14860,L,296.3,305.3,1381,26.0,79,0,0,0,0,0,0
303,H29424,M,296.4,314.7,1749,51.4,75,0,0,1,0,0,0
304,L47181,H,304.4,312.7,1226,44.7,68,0,0,0,0,0,0
305,L47181,H,302.3,314.8,1475,33.7,97,0,0,0,0,0,0
306,M14860,L,296.6,309.8,1498,55.0,0,0,0,0,0,0,0
307,L47186,L,296.9,310.3,1290,20.5,38,0,0,0,0,0,0
308,L47181,L,302.3,306.7,1679,29.1,95,0,0,0,0,0,0
309,L47186,M,296.6,307.5,1772,42.7,89,0,0,0,0,0,0
310,L47181,H,297.3,313.4,1657,34.1,16,0,0,0,0,0,0
311,L47186,H,304.6,308.6,1650,44.4,90,0,0,0,0,0,0
312,H29424,M,297.6,313.3,1564,21.0,87,0,0,0,0,0,0
313,L47186,H,301.6,312.1,1550,24.7,34,1,0,0,0,0,0
314,H29424,L,304.8,306.8,1599,25.1,45,0,0,0,0,0,0
315,H29424,L,298.7,310.1,1452,27.6,41,0,0,0,0,0,0
316,L47186,L,295.2,311.8,1658,38.4,38,0,0,0,0,0,0
317,H29424,H,297.4,307.4,1698,50.1,89,0,0,0,0,0,0
318,M14860,L,303.3,313.3,1707,56.2,48,0,0,0,0,0,0
319,H29424,M,303.6,310.4,1503,53.4,61,1,0,0,0,0,0
320,L47181,M,302.7,306.7,1700,27.9,37,0,0,0,0,0,0
321,L47186,H,296.1,310.8,1797,37.6,22,0,0,0,0,0,0
322,M14860,M,303.0,315.0,1365,28.0,21,1,0,0,0,0,0
323,L47186,M,304.2,306.5,1614,30.6,3,0,0,0,0,0,0
324,L47181,H,301.0,313.2,1661,40.1,48,0,0,0,0,0,0
325,L47181,L,304.4,307.1,1313,22.7,58,0,0,0,0,0,0
326,L47181,L,303.3,312.8,1632,28.7,72,0,0,0,0,0,0
327,H29424,L,301.7,312.3,1555,57.4,67,0,0,0,0,0,0
328,H29424,H,300.8,308.0,1406,38.6,70,0,0,0,0,0,0
329,L47186,M,298.5,308.3,1434,37.8,86,0,0,0,0,0,0
330,L47186,L,296.6,312.9,1641,20.6,1,0,0,0,0,0,0
331,M14860,L,301.0,309.6,1554,29.9,48,1,0,0,0,0,0
332,M14860,H,298.2,312.3,1714,54.7,87,0,0,0,0,0,0
333,L47186,L,303.7,306.5,1407,26.6,94,0,0,0,0,0,0
334,H29424,H,304.9,313.5,1324,36.6,30,0,0,0,0,0,0
335,L47181,M,302.5,312.1,1337,20.6,39,0,0,0,0,0,0
336,L47186,H,295.9,314.1,1538,39.1,47,0,0,0,0,0,0
337,M14860,H,297.9,306.3,1736,20.8,50,0,0,0,0,0,0
338,H29424,H,296.1,310.9,1267,52.8,42,0,0,0,0,0,0
339,L47186,H,301.5,311.0,1772,53.0,97,0,0,0,0,0,0
340,L47186,M,302.7,308.5,1740,51.5,54,0,0,0,0,0,0
341,H29424,M,304.3,309.6,1582,31.3,87,0,0,0,0,0,0
342,L47186,L,299.4,305.4,1218,53.5,48,0,0,0,0,0,0
343,H29424,M,304.0,312.5,1649,41.7,89,0,0,1,0,0,0
344,L47181,M,303.8,310.5,1273,35.0,79,0,0,0,0,0,0
345,H29424,L,298.2,305.6,1772,45.0,56,0,0,0,0,0,0
346,H29424,M,303.7,311.8,1475,20.5,76,0,0,0,0,0,0
347,H29424,H,298.8,309.7,1247,25.7,14,0,0,0,0,0,0
348,L47186,H,298.0,305.3,1410,49.7,26,0,0,0,0,0,0
349,L47186,L,301.5,314.7,1739,29.8,67,0,0,0,0,0,1
350,H29424,L,298.3,314.5,1390,43.9,79,0,0,0,0,0,0
351,L47186,L,301.3,310.1,1514,35.4,63,0,0,0,0,0,0
352,M14860,H,301.1,305.9,1762,54.2,93,0,0,0,0,0,0
353,M14860,M,300.6,312.5,1761,58.1,29,0,0,0,0,0,0
354,L47186,H,298.8,309.9,1312,55.3,35,0,0,0,0,0,0
355,L47186,L,300.5,308.0,1369,30.8,66,0,0,0,0,0,0
356,H29424,M,301.0,309.9,1667,27.8,85,0,0,0,0,0,0
357,L47181,M,300.5,310.2,1213,39.0,85,0,0,0,0,0,0
358,L47186,H,299.4,310.6,1487,20.3,48,0,0,0,0,0,0
359,M14860,L,295.1,309.4,1388,21.0,75,0,0,0,0,0,0
360,H29424,H,300.9,311.1,1354,42.1,54,0,0,0,0,0,0
361,L47186,M,296.7,314.2,1766,40.8,84,0,0,0,0,0,0
362,M14860,H,301.4,308.6,1670,59.8,55,0,0,0,0,0,0
363,M14860,H,302.6,312.3,1274,28.1,67,1,0,0,0,0,0
364,L47181,L,300.0,313.9,1476,30.3,94,0,0,0,0,0,0
365,H29424,L,300.4,309.6,1542,24.5,43,0,0,0,0,0,0
366,H29424,M,304.5,309.4,1624,56.7,30,0,0,0,0,0,0
367,L47181,H,303.5,311.0,1770,51.1,57,0,0,0,0,0,0
368,L47181,H,304.1,310.9,1710,52.9,86,0,0,0,0,0,0
369,H29424,H,303.1,313.1,1381,56.1,52,0,0,0,0,0,0
370,H29424,M,296.1,309.8,1657,41.0,83,0,0,0,0,0,0
371,L47186,M,296.5,315.0,1263,38.0,78,1,0,0,0,0,0
372,L47186,L,300.3,305.6,1459,33.2,22,0,0,0,0,0,0
373,L47181,L,297.5,305.0,1392,43.6,27,0,0,0,0,0,0
374,L47186,L,299.8,311.4,1605,38.2,15,0,0,0,0,0,0
375,M14860,H,298.9,308.0,1292,38.1,36,0,0,0,0,0,0
376,L47186,H,300.5,307.4,1629,57.5,20,0,0,0,0,0,0
377,L47186,L,302.5,308.1,1633,59.4,78,0,1,0,0,0,0
378,M14860,H,302.2,307.6,1603,51.9,16,0,0,0,0,0,0
379,L47181,L,300.2,305.3,1633,50.3,36,0,0,0,0,0,0
380,M14860,M,303.2,314.7,1311,47.2,76,0,0,0,1,0,0
381,L47186,L,299.3,307.2,1574,26.6,18,0,0,0,0,1,0
382,L47181,M,304.0,312.3,1258,22.4,29,0,0,0,0,0,0
383,L47186,H,295.7,312.6,1242,47.6,44,0,0,0,0,0,0
384,M14860,L,304.5,314.3,1406,49.2,17,0,0,0,0,0,0
385,M14860,H,301.5,305.3,1495,21.9,77,0,0,0,0,0,0
386,L47186,M,298.8,313.7,1317,57.1,61,0,0,0,0,0,0
387,H29424,M,297.0,310.3,1731,23.6,35,0,0,0,0,0,0
388,H29424,M,299.8,311.3,1421,31.4,99,0,0,0,0,0,0
389,M14860,H,296.9,311.4,1365,46.9,83,0,0,0,1,0,0
390,M14860,H,296.7,313.2,1355,26.8,51,0,0,0,0,0,0
391,H29424,H,301.2,308.3,1383,22.2,18,0,0,0,0,0,0
392,H29424,H,300.2,312.3,1289,33.2,43,0,0,0,0,0,0
393,L47186,M,301.7,310.3,1293,50.6,6,0,0,0,0,0,0
394,L47186,M,304.3,312.9,1212,36.5,43,0,0,0,1,0,0
395,H29424,L,300.3,314.9,1637,46.1,67,0,0,0,0,0,0
396,L47186,L,300.8,307.0,1737,43.2,33,0,0,0,0,0,0
397,L47186,H,295.9,314.9,1786,20.9,65,0,0,0,0,0,0
398,L47181,M,302.2,305.9,1349,59.5,68,0,0,0,0,0,0
399,L47186,M,299.0,305.0,1207,21.7,54,0,0,0,0,0,0
400,M14860,M,304.8,305.4,1228,58.7,9,0,0,0,0,0,0
401,L47186,L,303.2,308.4,1495,42.0,95,0,0,0,0,0,0
402,L47186,L,300.2,311.3,1539,58.5,41,0,0,0,0,0,0
403,H29424,M,296.2,305.7,1638,24.6,40,0,0,0,0,0,0
404,M14860,M,303.6,305.1,1343,39.6,76,0,0,0,0,0,0
405,L47186,M,303.0,314.4,1718,26.8,68,0,0,0,0,0,0
406,L47186,L,296.8,313.2,1244,22.0,9,0,0,0,0,0,0
407,L47181,M,298.0,313.1,1438,44.7,9,0,0,0,0,0,0
408,L47186,M,302.9,313.8,1354,28.3,90,0,0,0,0,0,0
409,L47186,H,296.9,312.0,1380,43.5,59,1,0,0,0,0,0
410,L47181,H,304.2,306.0,1414,24.5,50,0,0,0,0,0,0
411,H29424,L,299.2,309.0,1287,33.3,20,0,0,0,0,1,0
412,L47186,M,295.9,312.2,1455,51.3,7,0,0,0,0,0,0
413,L47181,M,303.2,307.8,1710,37.5,64,0,0,0,0,0,0
414,M14860,H,298.7,311.9,1272,45.1,91,0,0,0,0,0,0
415,H29424,L,300.3,305.2,1378,45.9,77,0,0,0,0,0,0
416,M14860,H,296.1,308.1,1411,53.8,84,0,0,0,0,0,0
417,M14860,H,295.0,310.5,1433,33.0,29,0,0,0,0,0,0
418,L47181,H,301.4,311.3,1664,47.5,84,0,0,0,0,0,0
419,L47186,H,300.2,310.8,1422,58.5,48,0,0,0,0,0,0
420,L47181,M,300.9,312.0,1463,49.2,8,0,0,0,0,0,0
421,L47181,M,302.9,305.1,1406,39.6,16,0,0,0,0,0,0
422,L47181,H,301.5,306.0,1565,45.2,68,0,0,0,0,0,0
423,L47181,L,296.7,313.7,1475,49.6,57,0,0,0,0,0,0
424,H29424,L,298.6,311.8,1579,44.5,56,0,0,0,0,0,0
425,L47186,L,304.1,306.1,1508,20.7,61,0,0,0,0,0,0
426,M14860,L,302.7,313.4,1467,27.8,94,0,0,0,0,0,0
427,M14860,H,300.6,307.4,1263,52.4,51,0,0,0,0,0,0
428,L47186,M,297.6,309.8,1549,30.9,60,0,0,0,0,0,0
429,M14860,L,298.0,306.5,1693,49.3,39,0,0,0,0,0,0
430,L47186,H,302.3,312.1,1722,34.9,37,0,1,0,0,0,0
431,M14860,L,303.5,311.7,1297,40.9,42,0,0,0,0,0,0
432,L47181,L,301.7,307.1,1270,22.7,62,0,0,0,0,0,0
433,M14860,H,303.1,313.6,1563,27.2,18,0,0,0,0,0,0
434,L47186,M,302.7,309.0,1769,58.3,99,0,0,0,0,0,0
435,L47186,M,296.5,307.9,1475,55.6,49,0,0,0,0,0,0
436,L47186,H,299.2,306.5,1249,46.1,32,0,0,0,0,0,0
437,L47186,M,296.5,307.7,1557,38.4,12,0,0,0,0,0,0
438,L47186,H,297.4,305.2,1763,47.0,77,0,0,0,0,0,0
439,H29424,H,303.7,310.8,1684,44.7,96,0,0,0,0,0,0
440,H29424,H,299.7,313.4,1283,42.7,61,0,0,0,0,0,1
441,M14860,M,300.4,310.5,1783,22.4,92,0,0,0,0,0,0
442,L47186,H,296.8,307.2,1495,45.3,42,0,1,0,0,0,0
443,M14860,L,298.1,305.3,1435,50.8,48,0,1,0,0,0,0
444,L47186,M,297.3,307.1,1255,59.8,35,0,0,0,0,0,0
445,L47186,M,297.1,309.2,1559,20.4,9,0,0,0,0,0,0
446,H29424,M,301.4,312.6,1309,49.2,94,0,0,0,0,0,0
447,H29424,M,297.6,306.9,1391,42.9,5,0,0,0,0,0,0
448,L47181,L,301.3,312.2,1292,37.4,56,0,0,0,0,0,0
449,H29424,M,295.6,313.7,1767,25.1,0,0,0,0,0,0,0
450,L47181,M,296.4,309.5,1259,36.4,70,0,0,0,0,0,0
451,L47181,H,297.7,313.2,1238,34.2,57,0,0,0,0,0,0
452,L47181,M,301.0,310.5,1739,32.1,90,0,0,0,0,0,0
453,L47181,L,301.8,311.4,1248,49.2,20,0,0,0,0,0,0
454,L47181,L,299.4,310.3,1619,48.0,91,0,0,0,0,0,0
455,M14860,L,299.5,309.6,1212,43.6,79,0,0,0,0,0,0
456,H29424,L,302.2,307.3,1235,57.5,55,0,0,0,0,0,0
457,L47181,M,295.2,308.0,1300,34.0,86,0,0,0,0,0,0
458,L47186,M,298.4,307.9,1285,29.8,19,0,0,0,0,0,0
459,H29424,L,303.2,310.6,1715,46.2,53,0,0,0,0,0,0
460,H29424,L,301.0,306.2,1422,28.0,24,0,0,0,0,0,0
461,L47181,M,298.4,314.2,1537,32.6,27,0,0,1,0,1,0
462,M14860,L,304.1,312.2,1365,29.0,4,0,0,0,0,0,0
463,L47181,H,302.7,309.0,1582,22.8,20,0,0,1,0,0,0
464,M14860,L,297.6,306.6,1575,53.1,17,0,0,0,0,0,0
465,L47186,L,301.5,313.8,1670,30.2,46,0,0,0,0,0,0
466,H29424,H,301.0,313.2,1230,38.9,69,0,0,0,0,0,0
467,L47186,H,299.0,312.2,1574,21.7,56,0,0,0,0,0,0
468,M14860,M,298.7,307.7,1210,48.0,92,0,0,0,0,0,0
469,M14860,M,298.4,309.0,1501,33.2,18,0,0,0,0,0,0
470,L47186,H,301.2,306.0,1295,49.8,96,0,0,0,0,0,0
471,M14860,H,299.4,306.9,1389,36.5,64,0,0,0,0,0,0
472,L47186,M,303.3,312.8,1652,27.8,2,0,0,0,0,0,0
473,H29424,L,301.7,312.2,1391,40.5,41,0,0,0,0,0,0
474,L47186,H,295.7,310.9,1685,25.2,20,0,0,0,0,0,0
475,H29424,M,301.4,314.0,1465,37.6,98,0,0,0,0,0,0
476,L47186,L,297.7,310.8,1623,32.7,39,0,0,0,0,0,0
477,M14860,H,300.9,309.7,1327,56.5,66,0,0,0,0,0,0
478,L47186,L,301.8,308.4,1437,22.4,24,0,1,0,0,0,0
479,M14860,M,297.3,314.4,1554,47.8,54,0,0,0,0,0,0
480,L47186,H,299.6,305.8,1311,27.3,83,0,0,0,0,0,0
481,L47186,L,296.9,314.3,1645,32.8,51,0,0,0,0,0,0
482,L47181,H,295.5,313.3,1542,36.6,43,1,0,0,0,0,0
483,M14860,L,298.8,306.3,1344,56.3,97,0,0,0,0,0,0
484,L47181,M,298.6,310.6,1264,29.7,84,0,0,0,0,0,0
485,M14860,M,305.0,313.7,1446,23.7,55,0,0,0,0,0,0
486,L47181,H,299.5,310.7,1689,32.7,54,0,0,0,0,0,0
487,H29424,L,298.3,314.1,1638,24.2,86,0,0,0,0,0,0
488,L47186,H,300.8,314.4,1305,25.1,69,0,0,0,0,0,0
489,M14860,H,295.9,309.2,1380,43.0,76,1,0,0,0,0,0
490,M14860,L,304.6,308.8,1383,22.4,86,0,0,0,0,0,0
491,L47186,L,301.3,314.4,1425,21.2,72,0,0,0,0,0,0
492,M14860,L,302.5,311.8,1288,48.6,80,0,0,0,0,0,0
493,M14860,M,296.7,306.2,1729,34.5,65,0,0,0,0,0,0
494,L47181,H,299.1,305.4,1570,25.0,18,0,0,0,0,0,0
495,M14860,H,299.2,310.6,1598,30.1,82,0,0,0,0,0,0
496,H29424,M,303.2,314.3,1305,45.7,6,0,0,0,0,0,0
497,H29424,L,295.0,313.4,1470,31.0,62,0,0,0,0,0,0
498,L47186,M,298.0,311.8,1702,39.8,41,1,0,0,0,0,0
499,M14860,M,304.8,306.4,1724,24.9,41,0,0,0,0,0,0
500,L47186,M,299.7,307.5,1231,43.5,58,0,0,0,0,0,0
501,H29424,H,298.8,313.8,1592,32.6,19,0,0,0,0,0,0
502,M14860,M,296.2,306.8,1239,45.1,72,0,0,0,0,0,0
503,M14860,H,304.7,307.8,1417,52.3,16,0,0,0,0,0,0
504,L47186,H,295.2,306.3,1281,44.5,26,0,0,0,0,0,0
505,H29424,H,302.4,311.8,1400,31.8,46,0,0,0,0,0,0
506,M14860,L,302.7,314.4,1646,30.2,1,0,0,0,0,0,0
507,L47186,H,297.4,307.7,1627,33.1,62,0,0,0,0,0,0
508,H29424,H,301.7,309.8,1237,26.6,61,0,0,0,0,0,0
509,L47186,L,295.9,311.3,1410,27.2,99,0,0,1,0,0,0
510,L47181,H,297.6,315.0,1643,51.6,18,0,0,0,0,0,0
511,M14860,M,302.9,306.0,1526,35.4,16,0,0,0,0,0,0
512,L47181,M,303.6,310.0,1426,37.4,68,0,0,0,0,0,0
513,H29424,H,301.1,308.9,1247,43.8,38,0,0,0,0,0,0
514,L47181,L,300.1,313.7,1217,43.6,81,0,0,0,0,0,0
515,L47181,M,296.6,309.8,1638,22.7,70,0,0,0,0,0,0
516,H29424,L,295.6,306.1,1386,53.3,80,0,0,1,0,0,0
517,L47186,L,296.2,311.3,1544,27.1,38,0,0,0,0,0,0
518,L47181,M,297.3,312.7,1423,48.9,35,0,0,0,0,0,0
519,L47186,L,298.4,305.0,1687,50.9,39,0,0,0,0,0,0
520,L47181,M,298.8,313.6,1428,48.6,44,0,0,0,0,0,0
521,L47186,L,298.5,306.9,1589,43.2,3,0,1,0,0,0,0
522,H29424,M,297.4,310.5,1788,20.6,24,0,0,0,0,0,0
523,L47181,H,300.1,309.2,1387,34.4,68,0,0,0,0,0,0
524,H29424,M,303.3,312.2,1469,44.2,29,0,0,0,0,0,0
525,L47181,M,297.8,308.7,1509,35.5,75,0,0,1,0,0,0
526,H29424,M,304.4,313.7,1331,54.5,67,0,0,0,1,0,0
527,H29424,M,303.7,312.3,1750,32.4,87,0,0,0,0,0,0
528,L47181,L,296.6,311.5,1271,31.7,28,0,0,0,0,0,0
529,L47181,H,302.9,313.0,1386,30.6,72,0,0,0,1,0,0
530,L47181,M,300.7,312.5,1685,33.3,67,0,0,0,0,0,0
531,M14860,L,300.7,305.4,1390,42.3,50,0,0,0,0,0,0
532,L47186,H,298.9,308.9,1621,48.3,23,0,0,0,0,0,0
533,M14860,H,300.0,314.3,1319,46.5,13,1,0,0,0,0,0
534,M14860,H,299.0,306.3,1419,52.3,68,0,0,0,0,0,0
535,H29424,H,300.4,312.4,1252,55.4,17,0,0,0,0,0,0
536,L47181,M,301.3,314.7,1650,52.6,41,0,0,0,0,0,0
537,L47186,M,301.7,305.5,1611,20.8,56,0,0,0,0,1,0
538,H29424,L,300.3,311.8,1436,49.4,82,0,0,0,0,0,0
539,M14860,L,302.2,309.7,1605,28.3,11,1,0,0,0,0,0
540,L47181,L,296.4,310.8,1621,25.3,81,0,0,0,0,0,0
541,H29424,H,297.1,305.9,1446,45.5,16,0,0,0,0,0,0
542,L47181,H,303.2,305.4,1271,32.8,29,0,0,0,0,0,0
543,H29424,M,298.2,311.7,1384,22.3,87,0,0,0,0,0,0
544,L47181,H,295.2,313.2,1205,25.5,74,0,0,0,0,0,1
545,M14860,H,296.5,312.8,1405,20.0,98,0,0,0,0,0,0
546,L47186,H,297.2,310.4,1743,56.1,22,0,0,0,0,0,0
547,M14860,L,304.6,306.0,1586,21.0,80,0,0,0,0,0,0
548,L47186,L,300.7,311.9,1275,28.4,0,0,0,0,0,0,0
549,L47181,M,304.3,307.4,1376,36.7,78,0,0,0,0,0,0
550,H29424,H,300.8,314.1,1548,34.3,31,0,0,0,0,0,1
551,M14860,H,299.8,313.4,1454,56.5,8,0,0,1,0,0,0
552,L47186,M,298.1,312.1,1507,21.6,14,0,0,0,0,0,0
553,M14860,H,301.1,314.5,1544,40.5,27,0,0,0,0,0,0
554,L47186,H,296.4,305.3,1326,47.2,23,0,0,0,0,0,0
555,M14860,L,304.0,312.4,1486,57.3,59,0,0,0,0,0,0
556,L47186,M,303.3,308.3,1795,44.8,34,0,0,0,0,0,0
557,L47186,M,298.2,314.1,1686,52.2,85,0,0,0,0,0,0
558,L47181,M,304.5,307.7,1582,23.3,26,0,0,0,0,0,0
559,L47186,M,303.3,312.2,1605,35.4,82,0,0,0,0,0,0
560,L47181,L,301.7,313.8,1587,35.0,75,0,0,0,0,0,0
561,L47186,L,296.2,305.4,1724,55.5,19,0,0,0,0,0,0
562,H29424,H,299.8,309.0,1756,26.1,64,0,0,0,0,0,0
563,H29424,H,300.1,312.6,1475,26.1,84,0,0,0,0,0,0
564,H29424,H,297.3,309.5,1699,33.1,48,0,0,0,0,0,0
565,L47186,H,295.8,307.7,1536,22.2,0,0,0,0,0,0,0
566,L47181,L,302.8,307.2,1680,27.3,9,0,0,0,0,0,0
567,L47181,M,296.2,306.3,1472,58.6,46,1,0,0,0,0,0
568,L47186,L,300.9,313.6,1257,37.1,58,0,0,0,0,0,0
569,H29424,H,304.4,310.8,1527,45.3,95,0,0,0,0,0,0
570,H29424,L,303.8,305.8,1308,49.0,61,0,0,0,0,0,0
571,L47181,M,297.8,308.8,1478,34.7,85,0,0,0,0,0,0
572,H29424,M,303.5,308.7,1527,25.9,17,0,0,0,0,0,0
573,M14860,L,295.0,306.8,1514,28.3,45,0,0,0,0,0,0
574,L47181,L,295.2,309.4,1673,32.5,31,0,0,0,0,0,0
575,H29424,L,301.0,308.3,1310,45.4,26,1,0,0,0,0,0
576,L47181,H,298.6,308.4,1428,35.9,91,0,0,0,0,0,0
577,M14860,L,298.9,312.4,1696,20.3,17,0,0,0,0,0,0
578,L47181,L,300.6,307.2,1355,40.9,38,0,0,0,0,0,0
579,L47181,L,296.9,311.4,1672,56.9,48,0,0,0,0,0,0
580,L47181,M,297.1,310.7,1471,52.5,92,0,0,0,0,0,0
581,L47181,M,299.8,310.7,1201,53.0,81,0,0,0,0,0,0
582,M14860,H,302.5,311.6,1710,51.8,43,0,0,0,0,0,0
583,L47186,H,301.2,310.5,1485,32.9,71,0,0,0,0,0,0
584,L47181,M,298.0,313.8,1212,50.6,53,0,0,0,0,0,0
585,L47181,M,299.3,311.8,1697,25.7,94,0,0,0,0,0,0
586,H29424,M,296.7,310.5,1437,46.3,33,0,0,0,0,0,0
587,L47181,L,295.7,313.3,1293,45.7,70,0,0,0,0,0,0
588,H29424,L,302.8,311.1,1537,21.0,35,0,0,0,0,0,0
589,L47186,M,297.7,307.9,1370,51.5,17,0,0,0,0,0,0
590,M14860,L,296.8,307.1,1766,56.1,37,0,0,0,0,0,0
591,M14860,L,301.9,306.5,1666,30.7,58,0,0,0,0,0,0
592,L47186,H,301.2,314.0,1342,52.5,8,0,0,0,0,0,1
593,M14860,M,301.3,312.1,1400,23.3,72,0,0,0,0,0,0
594,L47186,M,297.3,314.4,1379,44.0,71,0,0,0,0,0,0
595,L47186,L,297.3,311.0,1563,39.4,50,0,0,1,0,0,0
596,L47186,M,297.2,309.7,1678,41.8,34,0,0,0,0,0,0
597,M14860,H,296.7,305.6,1764,57.0,81,0,1,0,0,0,0
598,H29424,H,301.6,311.7,1670,54.9,4,0,1,0,1,0,0
599,L47186,H,303.5,310.8,1583,51.4,13,1,0,0,0,0,0
600,L47181,M,302.2,314.9,1616,30.9,91,0,0,0,0,0,0
601,M14860,M,302.9,307.4,1507,56.5,29,0,0,0,0,0,0
602,L47186,M,299.0,310.3,1566,23.9,3,0,0,0,0,0,0
603,L47186,M,301.5,311.5,1200,54.1,38,0,0,0,0,0,0
604,L47181,M,298.5,311.4,1243,33.1,83,0,0,0,0,0,0
605,H29424,H,300.3,310.6,1297,22.2,63,0,0,0,0,0,0
606,H29424,L,299.8,312.8,1464,46.8,24,0,0,0,0,0,0
607,H29424,H,296.8,307.0,1339,29.3,27,0,0,0,0,0,0
608,L47186,M,298.9,312.3,1680,29.7,75,0,0,0,0,0,0
609,L47186,H,304.6,311.2,1436,32.2,65,0,0,0,0,0,0
610,L47186,M,297.5,314.0,1271,22.5,77,0,0,0,0,0,0
611,M14860,M,296.3,313.5,1389,27.1,21,0,0,0,0,0,0
612,L47181,H,299.2,308.2,1467,20.2,30,0,0,0,0,0,0
613,L47186,M,302.9,307.8,1520,37.8,22,0,0,0,0,0,0
614,L47181,L,300.8,314.8,1306,23.4,47,0,0,0,0,0,0
615,L47181,M,301.8,310.3,1431,47.3,19,1,0,0,0,0,0
616,H29424,L,296.9,314.1,1241,29.4,37,0,0,0,0,0,0
617,M14860,L,301.2,306.6,1338,57.7,54,0,0,0,0,0,0
618,L47186,M,298.2,311.4,1472,54.9,67,0,0,0,0,0,0
619,H29424,H,303.3,313.1,1680,31.6,78,0,1,0,1,0,0
620,H29424,L,301.3,314.5,1615,51.3,87,0,0,0,0,0,0
621,L47186,H,297.0,308.4,1705,52.1,88,0,0,0,0,1,0
622,L47181,L,295.6,312.2,1623,59.5,0,0,0,0,0,0,0
623,H29424,M,295.4,310.4,1606,43.9,6,0,0,0,0,0,0
624,L47181,M,298.7,305.6,1767,23.3,56,0,0,0,0,0,0
625,M14860,L,297.7,311.9,1589,45.9,94,0,0,0,0,1,0
626,L47181,M,301.5,311.9,1541,45.0,11,0,0,0,0,0,0
627,M14860,L,300.0,314.3,1692,45.5,4,0,0,0,0,0,0
628,L47181,M,297.7,310.0,1391,32.3,49,0,0,0,0,0,0
629,H29424,H,296.5,307.3,1698,54.4,41,0,0,0,0,0,0
630,H29424,M,296.3,305.4,1432,58.4,11,0,0,0,0,0,0
631,M14860,H,303.6,309.2,1426,28.7,17,0,0,0,0,0,0
632,L47186,M,297.4,308.0,1570,23.5,65,1,0,0,0,0,0
633,M14860,H,301.5,312.6,1338,27.8,73,0,0,0,0,0,0
634,M14860,M,303.1,308.5,1348,52.8,78,1,0,0,0,0,0
635,L47181,H,301.1,314.5,1314,47.1,93,0,0,0,0,0,0
636,L47181,L,303.6,314.6,1649,45.4,16,0,0,0,0,0,0
637,M14860,L,298.9,311.2,1262,36.1,67,0,0,0,0,0,0
638,H29424,H,304.6,314.3,1303,43.1,70,0,0,0,0,0,0
639,L47181,M,296.3,312.6,1472,32.3,61,0,0,0,0,0,0
640,L47186,H,296.0,310.5,1205,39.1,40,0,0,0,0,0,0
641,L47181,M,301.6,306.8,1346,51.7,94,0,0,0,0,0,0
642,L47181,L,304.4,309.6,1383,59.2,33,0,0,0,0,0,0
643,L47186,M,303.1,310.6,1227,57.3,69,0,0,0,0,0,0
644,M14860,L,295.8,313.6,1749,57.4,44,0,0,0,0,0,0
645,L47186,M,297.8,309.8,1318,36.1,57,0,0,0,0,0,0
646,M14860,M,304.3,314.0,1492,38.8,50,0,0,0,0,0,0
647,M14860,M,297.5,311.7,1570,48.2,33,0,0,1,0,0,0
648,M14860,H,302.8,306.4,1443,56.9,43,0,0,0,0,0,1
649,L47186,H,303.3,314.9,1779,25.7,14,0,0,0,0,0,0
650,M14860,L,300.0,310.3,1417,32.2,77,0,0,0,0,0,0
651,H29424,L,298.9,308.9,1376,25.6,69,0,0,1,0,0,0
652,L47186,H,299.5,311.6,1498,44.5,49,0,0,0,0,0,0
653,H29424,L,297.3,306.1,1257,32.3,31,0,0,0,0,0,0
654,M14860,H,303.9,311.4,1468,33.0,66,0,0,0,0,0,0
655,L47181,M,299.5,310.0,1507,22.8,2,0,0,0,0,0,0
656,M14860,L,303.8,309.1,1769,34.0,85,0,0,0,0,0,0
657,H29424,L,296.1,314.5,1487,54.5,85,0,0,0,0,0,0
658,H29424,H,304.9,310.2,1304,29.3,73,0,0,0,0,0,0
659,L47186,L,299.4,307.2,1427,47.8,50,0,0,0,0,0,0
660,L47181,L,295.5,309.6,1446,45.2,66,0,0,0,0,0,0
661,L47186,M,295.4,314.2,1693,54.5,75,0,0,0,0,0,0
662,H29424,L,302.5,306.8,1282,25.3,92,0,0,0,0,0,0
663,M14860,M,301.6,307.1,1385,59.1,47,0,0,0,1,0,0
664,L47181,H,303.0,305.1,1451,43.3,16,0,0,0,0,0,0
665,M14860,L,296.1,305.1,1554,59.8,6,0,0,0,0,0,0
666,M14860,M,295.4,313.3,1409,56.5,12,0,0,0,0,0,0
667,L47181,H,300.1,312.3,1646,28.9,65,0,0,0,0,0,0
668,L47186,L,298.9,308.6,1659,22.2,3,0,0,0,0,0,0
669,M14860,H,299.6,312.0,1671,30.2,9,0,0,0,0,0,0
670,H29424,L,304.9,309.0,1569,41.1,87,0,0,0,0,0,0
671,M14860,H,304.7,314.5,1691,26.9,16,1,0,0,0,0,0
672,L47181,H,304.4,314.7,1336,26.7,51,0,0,0,0,0,0
673,L47181,M,302.8,308.9,1566,38.5,5,0,0,0,0,0,0
674,L47181,H,298.5,313.5,1383,21.3,82,0,0,0,0,0,0
675,L47186,L,299.1,312.7,1787,24.9,68,0,1,0,0,0,0
676,M14860,L,300.5,308.1,1486,36.6,95,0,0,0,0,0,0
677,L47186,M,303.3,307.3,1671,22.5,73,0,0,0,0,1,0
678,L47186,L,295.7,309.6,1574,35.9,8,0,0,0,0,0,0
679,L47181,L,299.2,312.8,1736,39.0,90,0,0,0,0,0,0
680,L47181,L,295.8,314.6,1710,38.1,76,0,0,0,0,0,0
681,L47186,H,300.1,312.6,1778,54.8,82,0,0,0,0,0,0
682,M14860,H,304.0,313.6,1449,41.2,20,0,0,0,0,0,0
683,H29424,L,302.8,311.0,1709,38.7,23,0,0,0,0,0,0
684,L47186,M,297.3,313.4,1272,36.4,3,0,0,0,0,0,0
685,M14860,H,304.8,312.8,1481,52.7,23,0,0,0,0,0,0
686,L47181,M,301.7,308.8,1559,55.8,58,0,0,0,0,0,0
687,L47181,L,295.1,310.5,1209,54.1,98,0,0,0,0,0,0
688,M14860,L,297.6,313.0,1410,46.9,2,0,0,0,0,0,0
689,H29424,H,297.6,305.5,1351,25.5,67,0,0,0,0,0,0
690,L47181,L,295.7,313.1,1204,31.1,39,1,0,0,0,0,0
691,L47181,H,304.6,306.8,1394,21.8,47,0,0,0,0,0,0
692,L47181,L,299.8,310.1,1482,57.2,53,0,0,0,0,0,0
693,M14860,L,304.0,313.1,1663,46.4,34,0,0,0,0,0,0
694,L47186,H,298.2,307.5,1312,49.9,94,0,1,0,0,0,0
695,L47181,H,296.3,307.5,1470,32.5,55,0,0,0,0,0,0
696,L47186,H,299.7,309.0,1362,53.8,88,0,0,0,0,0,0
697,H29424,L,296.1,313.9,1659,30.4,39,1,0,0,0,0,0
698,L47181,L,299.9,305.0,1304,20.1,76,0,0,0,0,0,0
699,L47181,M,304.2,314.0,1755,35.1,67,0,0,0,0,0,0
700,H29424,H,300.2,306.5,1481,42.8,45,0,0,1,0,0,0
701,L47181,L,301.2,314.9,1361,39.1,77,0,0,0,0,0,0
702,L47186,L,296.6,314.5,1550,54.5,12,0,0,0,0,0,0
703,M14860,H,295.4,309.9,1633,24.2,26,0,0,0,0,0,0
704,L47186,M,296.1,310.1,1339,42.2,5,0,0,0,0,0,0
705,M14860,H,301.0,309.8,1670,40.5,16,0,0,0,0,0,0
706,M14860,M,296.0,311.4,1331,31.3,35,0,0,0,0,0,0
707,L47186,L,298.8,305.9,1286,52.9,98,0,0,0,0,0,0
708,L47186,M,300.5,305.3,1382,50.1,80,0,0,0,0,0,0
709,L47186,L,298.9,305.6,1567,49.3,1,0,0,0,0,0,0
710,L47186,H,296.6,309.4,1328,55.0,76,0,0,0,0,0,0
711,H29424,H,297.7,307.8,1445,48.9,51,0,0,0,0,0,0
712,L47181,H,304.3,311.2,1777,29.3,65,0,0,0,0,0,0
713,M14860,M,301.8,314.9,1577,48.2,51,0,0,0,0,0,0
714,L47186,L,300.0,308.9,1348,32.3,91,0,0,0,0,0,0
715,L47186,H,295.1,310.7,1632,29.7,42,0,0,0,0,0,0
716,L47186,H,304.9,309.2,1668,22.9,89,0,0,0,0,0,0
717,H29424,L,301.7,313.5,1645,49.8,21,0,0,0,0,0,0
718,L47186,H,298.2,314.0,1680,48.4,54,0,0,0,0,0,0
719,L47186,L,303.8,313.8,1493,29.4,66,0,0,0,0,0,0
720,L47186,L,297.6,314.7,1342,50.0,98,0,0,0,0,0,0
721,L47181,L,300.4,305.3,1449,56.7,59,0,0,0,0,0,0
722,H29424,L,301.4,313.4,1501,24.3,57,0,0,0,1,0,0
723,L47186,L,297.2,312.5,1224,29.3,11,0,0,0,0,0,0
724,M14860,M,304.8,307.3,1269,50.0,87,0,0,0,0,0,0
725,M14860,H,302.5,314.6,1311,31.0,68,0,0,0,0,0,0
726,M14860,M,300.6,306.5,1563,45.0,83,0,0,0,0,0,0
727,H29424,H,296.8,311.8,1502,23.2,38,1,0,0,0,0,0
728,H29424,M,295.5,307.2,1670,38.1,12,0,0,0,0,0,0
729,M14860,L,298.2,309.3,1290,49.6,40,0,0,0,0,0,1
730,L47186,H,302.5,312.2,1729,47.5,56,0,0,0,0,0,0
731,H29424,H,297.7,310.6,1391,52.6,52,0,0,0,0,0,0
732,M14860,M,300.4,309.3,1751,55.1,11,0,0,0,0,0,0
733,M14860,M,302.3,308.3,1441,50.9,12,0,0,0,0,0,1
734,L47186,H,296.1,313.4,1337,46.9,73,0,0,0,0,0,0
735,L47181,M,301.9,306.4,1544,21.3,96,0,0,0,0,0,0
736,H29424,M,295.9,309.3,1379,41.4,56,0,0,0,0,0,0
737,L47186,M,304.7,314.0,1702,21.5,39,0,0,0,0,0,0
738,M14860,L,299.9,313.5,1402,52.3,79,0,0,0,0,0,0
739,M14860,L,296.5,309.0,1772,32.8,44,0,0,0,0,0,0
740,L47186,M,298.4,312.6,1391,42.5,34,0,0,0,0,0,0
741,H29424,M,299.1,313.2,1204,31.2,2,0,0,0,0,0,0
742,L47181,L,302.6,313.9,1436,51.3,4,0,0,0,0,0,0
743,L47181,L,302.4,310.4,1510,55.5,89,0,0,0,0,0,0
744,M14860,H,301.1,307.0,1748,35.9,10,1,0,0,0,0,0
745,H29424,H,296.1,307.6,1255,54.5,70,0,0,0,0,0,0
746,L47181,L,296.5,308.0,1642,30.7,55,0,0,0,0,0,0
747,H29424,M,295.9,310.9,1436,41.4,9,0,0,0,0,0,0
748,H29424,M,300.8,305.3,1396,54.4,33,0,0,0,0,0,0
749,M14860,M,303.8,311.4,1784,33.0,66,0,0,0,0,0,0
750,L47181,M,299.3,308.6,1770,58.2,71,0,0,0,0,0,0
751,L47186,H,296.6,308.0,1713,24.9,30,0,0,0,0,0,0
752,M14860,L,300.6,313.8,1648,20.7,74,0,0,1,0,0,0
753,L47181,M,303.1,309.6,1559,56.2,70,0,0,0,0,0,0
754,L47181,H,302.4,306.0,1229,22.7,65,0,0,0,0,0,0
755,L47181,M,303.8,313.3,1307,59.7,69,0,0,0,0,0,0
756,L47181,L,297.8,305.5,1644,58.1,40,0,0,0,0,0,0
757,L47181,H,296.9,312.3,1637,25.5,62,0,0,0,0,0,0
758,H29424,L,303.8,312.7,1656,41.5,31,0,0,0,0,0,0
759,M14860,L,301.6,308.5,1694,27.4,19,0,0,0,0,0,0
760,H29424,H,298.1,313.2,1446,37.1,56,0,0,0,0,0,0
761,L47186,H,302.4,310.2,1742,22.5,97,0,0,0,0,0,0
762,L47181,H,303.2,309.6,1763,29.0,49,0,0,0,0,0,0
763,M14860,H,301.1,305.5,1787,34.5,79,0,0,0,0,0,0
764,L47181,H,301.9,307.9,1638,37.5,24,0,0,0,1,0,0
765,M14860,H,298.8,314.3,1477,59.1,11,0,0,0,0,0,0
766,H29424,H,300.4,308.9,1751,52.3,70,0,0,0,1,0,0
767,M14860,M,300.2,310.5,1310,49.5,38,0,0,0,0,0,0
768,L47186,L,303.5,310.3,1584,41.5,16,0,0,0,0,0,0
769,L47186,H,303.4,310.9,1390,53.6,44,0,0,0,0,0,0
770,M14860,M,303.3,305.6,1689,33.6,10,0,0,0,0,0,0
771,M14860,M,295.1,308.6,1625,48.4,69,0,0,0,0,0,0
772,M14860,M,302.5,312.2,1604,59.8,22,0,0,0,0,1,0
773,M14860,L,302.6,307.0,1534,32.6,90,0,0,0,0,0,0
774,L47186,H,301.8,307.0,1408,47.0,69,0,0,0,1,1,0
775,L47181,M,302.6,305.1,1221,53.8,37,0,0,0,0,0,0
776,M14860,L,303.4,309.4,1407,56.6,1,0,0,0,0,0,0
777,M14860,L,299.7,313.8,1207,48.7,85,0,0,0,0,0,0
778,L47186,L,300.0,305.5,1728,31.3,83,1,0,0,0,0,0
779,L47186,M,296.2,306.9,1365,33.1,88,0,0,0,0,0,0
780,H29424,H,298.9,308.1,1695,20.8,78,0,0,0,0,0,0
781,M14860,M,301.4,312.3,1789,50.4,92,0,0,0,0,0,0
782,H29424,M,302.8,311.4,1628,21.7,71,0,0,0,0,0,0
783,L47186,H,297.2,309.2,1362,54.6,36,0,0,0,0,0,0
784,L47186,H,296.4,312.6,1565,24.7,48,0,0,0,0,0,0
785,L47181,H,301.6,311.1,1725,26.9,51,0,0,0,0,0,0
786,M14860,L,295.0,314.0,1438,39.1,32,1,0,0,0,0,0
787,H29424,H,296.8,313.2,1271,49.5,21,0,0,1,0,0,0
788,L47186,M,295.3,307.5,1644,25.6,4,0,0,0,0,0,0
789,L47186,H,296.7,307.7,1708,37.6,17,0,0,0,0,0,0
790,H29424,M,296.8,306.3,1468,39.3,37,0,0,0,0,0,0
791,L47181,L,298.9,308.4,1614,28.5,36,0,0,0,0,0,0
792,L47186,M,299.0,315.0,1444,24.6,93,0,0,0,0,0,0
793,M14860,M,303.7,309.1,1259,53.5,94,0,0,0,0,0,0
794,L47186,H,300.1,307.2,1205,40.1,63,0,0,0,0,0,0
795,M14860,H,302.2,312.6,1769,20.6,9,0,0,0,0,0,0
796,H29424,M,296.0,310.4,1606,52.1,78,0,0,0,0,0,0
797,M14860,H,297.3,306.5,1416,59.2,41,0,1,0,0,0,0
798,H29424,L,302.0,308.8,1225,44.2,47,0,0,0,0,0,0
799,M14860,L,295.5,309.1,1204,40.1,43,0,0,0,1,0,0
800,H29424,H,299.9,312.5,1731,55.1,81,1,1,0,0,0,0
801,M14860,L,301.0,305.2,1589,58.1,86,0,0,0,0,0,0
802,L47181,H,301.0,307.7,1770,50.2,96,0,0,0,0,0,0
803,M14860,M,295.2,310.2,1647,37.8,15,0,0,0,0,0,0
804,M14860,M,298.2,307.7,1345,43.7,53,0,0,0,0,0,0
805,L47181,L,301.4,311.3,1587,48.0,34,0,0,0,0,0,0
806,L47186,H,296.5,309.8,1448,27.8,97,0,0,0,0,0,0
807,L47186,H,302.0,308.6,1725,37.9,27,0,0,0,0,0,0
808,M14860,L,302.5,314.5,1661,53.2,1,0,0,0,0,0,0
809,L47181,M,304.8,311.3,1212,46.2,93,0,0,0,0,0,0
810,M14860,L,297.1,306.3,1583,36.4,12,0,0,0,0,0,0
811,H29424,M,303.3,310.6,1755,46.5,40,0,0,0,0,0,0
812,H29424,H,300.2,312.8,1598,24.7,79,0,0,0,0,0,0
813,M14860,M,298.7,312.1,1218,36.1,58,0,0,0,0,0,0
814,L47186,L,296.2,306.7,1774,51.7,68,0,0,0,0,0,0
815,L47186,H,302.4,314.7,1690,28.8,91,0,0,0,0,0,0
816,M14860,L,297.4,309.5,1618,27.4,52,0,0,0,0,0,0
817,M14860,L,298.7,306.6,1536,58.0,44,0,0,0,0,0,1
818,H29424,M,295.6,306.8,1618,28.4,19,0,0,0,0,0,0
819,L47186,L,303.0,306.0,1321,30.4,23,0,0,0,0,0,0
820,M14860,M,302.7,313.0,1631,58.8,60,0,0,0,0,0,0
821,H29424,H,302.3,306.2,1243,49.4,90,0,0,0,0,0,0
822,L47186,M,298.0,306.3,1516,48.0,93,0,0,0,0,0,0
823,L47181,H,296.7,313.5,1580,54.1,57,0,0,0,0,0,0
824,H29424,M,301.4,308.4,1344,24.6,26,1,0,0,0,0,0
825,L47186,L,300.0,305.3,1526,48.2,25,0,0,0,0,0,0
826,L47186,M,296.8,305.5,1562,40.1,6,0,0,0,0,0,0
827,H29424,M,301.9,306.4,1249,53.2,41,0,0,0,0,0,0
828,L47181,H,304.9,307.1,1264,40.3,46,0,0,0,0,0,0
829,H29424,L,302.5,311.7,1554,44.8,52,0,0,0,0,0,0
830,L47186,M,302.4,306.6,1363,39.1,58,0,0,0,0,0,0
831,M14860,L,304.5,306.2,1340,39.1,37,0,0,0,0,0,0
832,M14860,M,297.0,312.6,1327,50.7,68,0,0,0,0,0,0
833,H29424,M,300.7,311.7,1597,45.1,86,0,0,0,0,0,0
834,L47186,L,304.8,309.4,1662,45.3,91,0,0,0,0,0,0
835,M14860,M,296.7,310.5,1386,38.0,97,0,0,0,0,0,0
836,L47186,L,302.0,308.1,1389,41.2,52,0,0,0,0,0,0
837,H29424,M,300.9,309.8,1587,49.8,14,0,0,0,0,0,0
838,M14860,H,300.9,310.1,1628,53.0,95,0,0,0,0,0,0
839,L47186,L,302.0,308.9,1483,47.9,25,0,0,0,0,0,0
840,M14860,M,304.3,314.1,1436,57.0,47,1,0,0,0,0,0
841,H29424,M,302.8,305.2,1393,52.8,94,0,0,0,0,0,1
842,L47186,H,295.6,312.8,1486,42.5,18,1,0,0,0,0,0
843,M14860,L,303.5,306.2,1335,46.9,8,0,0,0,1,0,0
844,H29424,M,297.3,313.0,1370,57.1,63,0,0,0,0,0,0
845,M14860,H,298.8,311.2,1358,44.8,92,0,0,0,0,0,0
846,M14860,M,299.6,313.4,1400,53.0,53,0,0,0,0,0,0
847,L47181,L,299.8,306.0,1686,47.6,50,0,0,0,0,0,0
848,L47181,M,299.4,310.6,1756,42.1,38,0,0,0,0,0,0
849,H29424,M,304.4,310.0,1782,29.7,3,0,0,0,0,0,0
850,L47181,M,302.1,312.1,1703,37.0,2,0,0,0,0,0,0
851,H29424,M,301.3,310.3,1570,58.7,63,0,0,0,0,0,0
852,L47181,H,295.5,310.4,1302,46.3,28,0,0,0,0,0,0
853,M14860,H,304.0,309.3,1324,42.6,10,0,0,0,0,0,0
854,H29424,L,304.1,308.1,1512,57.3,96,0,0,0,0,0,0
855,H29424,H,302.8,309.8,1657,43.5,57,0,0,0,0,0,0
856,M14860,H,295.1,306.2,1429,41.0,74,0,0,0,0,0,0
857,H29424,L,295.6,314.6,1396,50.4,26,0,0,0,0,0,0
858,H29424,H,297.3,312.1,1622,48.5,96,0,0,0,0,0,0
859,L47181,H,296.3,314.5,1771,27.7,20,0,0,0,0,0,0
860,H29424,L,299.0,307.3,1370,38.9,38,0,0,0,0,0,0
861,L47186,L,304.2,313.8,1581,38.9,94,0,0,0,0,0,0
862,M14860,L,299.7,313.1,1372,35.1,45,0,0,0,0,1,0
863,L47181,M,295.1,311.8,1652,40.7,65,1,0,0,0,0,0
864,L47181,M,297.8,311.3,1549,36.5,90,0,0,0,0,0,0
865,L47186,L,295.4,308.2,1693,28.0,35,0,0,0,0,0,0
866,M14860,L,295.4,313.2,1203,36.5,74,0,0,0,0,0,0
867,M14860,L,297.8,310.0,1292,22.9,81,0,0,0,0,0,0
868,L47181,M,297.8,305.7,1205,43.0,64,0,0,0,0,0,0
869,H29424,M,302.9,308.1,1487,54.1,62,0,0,0,0,0,0
870,L47181,H,304.7,314.4,1345,49.0,98,0,0,0,0,0,0
871,M14860,H,298.7,313.5,1623,34.4,34,0,0,0,0,0,0
872,L47186,L,299.3,314.8,1656,23.5,30,0,0,0,0,0,0
873,L47181,M,303.4,311.3,1401,28.1,27,0,0,0,0,0,0
874,M14860,M,297.7,307.5,1411,41.8,0,0,0,0,0,0,0
875,L47181,M,296.6,306.6,1205,28.3,24,0,0,0,0,0,0
876,H29424,L,303.5,306.9,1575,41.8,42,0,0,0,0,0,0
877,L47181,H,295.5,305.2,1646,29.3,83,0,0,0,0,0,0
878,L47181,L,301.2,308.9,1305,54.0,66,0,0,0,0,0,0
879,M14860,H,300.6,306.9,1600,35.9,62,0,0,0,0,0,0
880,M14860,H,298.5,309.1,1295,29.8,50,0,0,0,0,0,0
881,M14860,L,298.2,314.3,1587,52.5,1,1,0,0,0,0,0
882,L47181,H,302.7,309.3,1651,33.7,81,0,0,0,0,0,0
883,H29424,H,295.9,313.8,1615,24.5,63,0,0,0,0,0,0
884,L47186,M,297.4,311.1,1703,42.8,73,0,0,0,0,0,0
885,L47186,H,302.3,307.5,1653,43.3,68,1,0,0,0,0,0
886,M14860,L,300.5,308.6,1490,48.6,8,0,0,0,0,0,0
887,M14860,L,296.3,305.8,1733,29.6,1,0,0,0,0,0,0
888,L47181,H,303.8,308.3,1392,37.8,33,0,0,0,0,0,0
889,L47186,M,298.9,311.8,1349,31.3,59,0,0,0,0,0,0
890,M14860,M,303.3,305.7,1714,23.2,60,0,0,0,0,0,0
891,H29424,H,302.9,307.1,1592,55.1,30,0,0,0,0,0,0
892,H29424,H,301.2,308.8,1515,49.2,9,0,0,0,0,0,0
893,M14860,L,299.9,314.8,1275,32.1,75,0,0,0,0,0,0
894,M14860,H,304.8,312.8,1798,44.0,35,0,0,0,0,0,0
895,L47186,M,296.4,312.3,1469,28.1,84,0,0,1,0,0,0
896,L47186,H,302.3,306.2,1424,55.6,48,0,0,0,0,0,0
897,L47181,L,296.9,312.8,1729,24.6,69,0,0,0,0,0,0
898,L47186,L,298.4,312.9,1312,20.2,48,0,0,0,0,0,0
899,H29424,L,298.1,311.0,1450,40.1,2,0,0,0,0,0,0
900,H29424,L,304.5,314.9,1432,43.3,73,0,0,0,0,0,0
901,M14860,L,304.7,308.3,1282,43.2,4,0,0,0,0,0,0
902,L47186,H,296.8,314.4,1324,22.2,89,0,0,0,0,0,0
903,L47181,H,295.2,314.1,1374,32.6,60,0,0,0,0,0,0
904,H29424,H,302.2,305.1,1268,40.0,84,0,0,0,0,0,0
905,H29424,H,299.2,309.5,1246,28.7,89,0,0,0,0,1,0
906,L47181,L,295.9,314.8,1455,54.9,25,0,0,0,0,0,0
907,L47181,M,301.8,306.0,1229,23.5,71,0,0,0,0,0,0
908,H29424,H,300.5,310.5,1480,39.5,4,0,0,0,0,0,0
909,H29424,M,304.8,314.8,1436,47.7,14,0,0,0,0,0,0
910,L47181,H,297.3,310.6,1447,30.5,15,0,0,0,0,0,0
911,H29424,H,299.0,306.9,1567,45.0,0,0,0,0,0,0,0
912,M14860,M,300.4,310.8,1694,53.2,15,0,0,0,0,0,0
913,M14860,L,302.9,307.0,1224,27.6,36,0,0,0,0,0,0
914,L47181,H,300.5,310.2,1785,56.7,2,0,0,0,0,0,0
915,L47186,H,301.1,305.7,1689,42.1,51,1,0,1,0,0,0
916,L47181,H,297.3,311.1,1693,32.0,46,0,0,0,0,0,0
917,L47181,M,303.5,310.2,1513,37.2,94,0,0,0,0,0,0
918,L47186,L,299.3,312.4,1574,32.5,12,0,0,0,0,0,0
919,L47186,M,296.4,311.3,1224,49.0,79,0,0,0,0,0,0
920,L47186,M,301.6,310.5,1533,51.9,54,0,0,0,0,0,0
921,M14860,L,297.2,311.9,1554,53.3,20,0,0,0,0,0,0
922,H29424,M,296.0,306.4,1315,59.4,65,0,0,0,0,0,0
923,M14860,L,303.6,311.0,1247,51.7,53,0,0,0,0,0,0
924,H29424,H,299.6,306.7,1298,44.1,26,0,0,0,0,0,0
925,M14860,L,302.5,314.3,1658,33.6,37,0,0,0,0,0,0
926,H29424,H,297.9,305.7,1722,41.8,89,0,0,0,0,0,0
927,M14860,M,302.9,309.3,1796,21.6,57,0,0,0,0,0,0
928,L47186,M,296.1,312.0,1604,49.8,61,0,0,0,0,0,0
929,L47181,H,298.6,309.6,1413,37.8,45,0,0,0,0,0,0
930,M14860,M,304.8,305.9,1702,20.8,88,0,0,0,0,0,0
931,H29424,L,302.9,310.5,1647,22.5,10,0,0,0,0,0,0
932,L47186,H,300.0,311.4,1775,35.5,71,0,0,0,0,0,0
933,M14860,M,298.4,312.0,1457,43.3,7,0,0,0,0,0,0
934,M14860,H,303.7,308.7,1320,38.6,96,0,1,0,0,0,0
935,L47186,L,300.4,310.6,1253,44.8,70,0,0,0,0,0,0
936,M14860,L,302.6,309.5,1530,39.2,63,0,0,0,0,0,0
937,L47181,M,302.5,311.7,1440,46.5,20,0,0,0,0,0,0
938,M14860,L,295.2,310.8,1729,28.8,71,0,0,0,0,0,0
939,L47181,H,296.3,310.3,1682,24.5,62,0,0,0,0,0,0
940,L47181,L,301.6,307.5,1386,43.9,84,0,0,0,0,0,0
941,L47186,H,296.6,305.0,1461,39.4,63,0,0,0,0,0,0
942,M14860,H,297.6,306.7,1563,21.1,19,0,0,0,0,0,0
943,L47186,L,304.5,306.2,1690,35.2,7,0,0,0,0,0,0
944,M14860,M,300.6,309.5,1630,24.2,57,0,0,0,0,0,0
945,M14860,L,302.5,311.1,1438,41.3,45,0,0,0,0,0,0
946,H29424,H,300.6,307.1,1503,35.8,30,0,0,0,0,0,0
947,M14860,H,300.5,314.4,1497,44.5,92,0,0,0,0,0,0
948,L47186,L,295.9,305.1,1275,52.2,8,0,0,0,0,0,0
949,L47181,M,298.4,312.7,1532,32.0,14,0,0,0,0,0,0
950,M14860,M,297.8,311.3,1673,58.5,93,0,0,0,0,0,0
951,H29424,H,298.9,308.7,1482,41.4,25,0,0,0,0,0,0
952,L47186,H,303.0,305.5,1790,44.7,9,0,0,0,0,0,0
953,M14860,M,298.7,311.3,1271,47.2,28,0,0,0,0,0,0
954,L47186,L,299.5,308.9,1462,46.7,79,0,0,0,0,0,0
955,H29424,H,299.0,314.4,1774,40.4,35,0,0,0,0,0,0
956,H29424,H,295.9,310.4,1211,37.2,83,0,0,1,0,0,0
957,L47186,M,299.4,314.4,1340,22.2,36,0,0,0,0,0,0
958,M14860,L,297.0,307.2,1754,20.9,85,0,0,0,0,0,0
959,L47181,M,296.9,312.3,1216,34.3,70,0,0,0,0,0,0
960,H29424,L,295.9,311.2,1262,33.3,22,0,0,0,0,0,0
961,M14860,L,298.6,312.4,1452,35.5,40,0,0,0,0,0,0
962,M14860,L,302.6,307.1,1664,25.5,92,0,0,0,0,0,0
963,L47181,H,297.8,311.6,1575,49.5,79,0,0,1,0,0,0
964,H29424,M,298.1,310.0,1719,54.3,27,0,0,0,0,0,0
965,H29424,M,301.4,312.4,1289,57.5,47,1,0,0,0,0,0
966,M14860,L,297.0,308.3,1374,39.7,37,0,0,0,0,0,0
967,M14860,H,304.0,313.9,1275,48.0,30,0,0,0,0,0,0
968,L47181,H,300.2,305.8,1599,54.2,13,0,0,0,0,0,0
969,L47181,M,299.5,313.1,1270,36.7,96,0,0,0,1,0,0
970,H29424,H,300.6,313.6,1379,32.4,72,0,0,0,0,0,0
971,L47186,H,296.7,313.2,1323,57.5,90,0,0,0,0,0,0
972,H29424,L,301.1,310.1,1580,40.6,87,0,0,0,0,0,0
973,M14860,H,298.6,309.4,1492,39.9,76,0,0,0,0,0,0
974,H29424,L,304.0,315.0,1394,27.1,89,0,0,0,0,0,0
975,L47186,M,296.7,307.3,1427,24.3,28,0,0,0,0,0,0
976,L47181,H,300.1,310.5,1630,53.7,50,0,0,0,0,0,0
977,L47186,M,301.0,311.7,1635,44.6,48,0,0,0,0,0,0
978,L47186,M,295.3,312.0,1660,33.0,42,0,0,0,0,0,0
979,L47186,H,298.6,307.0,1220,27.7,91,0,0,0,0,0,0
980,L47181,H,302.3,311.5,1263,42.2,91,0,0,0,0,0,0
981,L47186,M,303.2,313.2,1364,43.4,71,0,0,0,0,0,0
982,L47186,H,298.1,305.5,1226,28.3,86,0,0,0,0,0,0
983,L47186,L,303.0,314.1,1510,54.1,92,0,0,0,0,0,0
984,M14860,L,304.7,305.3,1484,23.4,4,0,0,0,0,0,0
985,L47186,H,303.6,308.6,1480,34.2,41,0,0,0,0,0,0
986,L47181,M,296.2,305.2,1363,47.2,6,0,0,0,0,0,0
987,L47186,H,302.4,305.8,1423,31.0,41,0,0,0,0,0,0
988,L47186,H,298.2,314.1,1345,53.1,35,0,0,0,1,0,0
989,L47181,M,304.9,308.5,1229,49.6,26,0,0,0,0,1,0
990,L47186,M,299.9,309.2,1244,51.6,57,0,0,0,0,0,0
991,L47181,L,296.2,307.2,1670,24.8,45,0,0,0,0,0,0
992,L47186,M,302.3,311.0,1233,25.6,65,0,0,0,0,0,0
993,L47181,L,298.2,310.9,1626,31.5,24,0,0,0,0,0,0
994,L47186,M,305.0,308.7,1420,40.7,72,0,0,0,0,0,0
995,L47186,H,304.8,308.3,1733,49.9,26,0,0,0,0,0,0
996,M14860,L,301.6,313.8,1566,53.5,0,0,0,0,0,0,0
997,M14860,L,296.3,308.8,1749,48.2,86,0,0,0,0,0,0
998,L47186,L,301.9,309.9,1781,57.1,73,0,0,0,0,0,0
999,L47186,H,295.9,307.8,1315,49.5,41,0,0,0,0,0,0
1000,H29424,H,295.3,312.9,1438,32.3,51,0,0,0,0,0,0
